{
    "avg_latency": 7.1091228867570555,
    "latencies": [
        6.898985657840967,
        6.853035559877753,
        7.112779660150409,
        7.462574312463403,
        7.299336604773998,
        6.831157848238945,
        6.770311631262302,
        6.794466879218817,
        6.864758325740695,
        7.2197161968797445,
        7.198549404740334,
        7.084200527518988,
        7.198526022955775,
        7.1133616622537374,
        7.935083007439971
    ],
    "percentiles": {
        "10": 6.809143266826868,
        "25": 6.858896942809224,
        "50": 7.112779660150409,
        "75": 7.209132800810039,
        "90": 7.397279229387641,
        "99": 7.868931790143251
    }
}