{
    "avg_latency": 7.445559763287505,
    "latencies": [
        7.474356308579445,
        7.5329351387917995,
        7.294541904702783,
        7.431115681305528,
        7.392760498449206,
        7.4293715842068195,
        7.502100571990013,
        7.496921183541417,
        7.7314467523247,
        7.368564628064632,
        7.399445507675409,
        7.411322422325611,
        7.365703895688057,
        7.337349351495504,
        7.515461020171642
    ],
    "percentiles": {
        "10": 7.348691169172525,
        "25": 7.380662563256919,
        "50": 7.4293715842068195,
        "75": 7.499510877765715,
        "90": 7.5259454913437365,
        "99": 7.703655126430094
    }
}