{
    "avg_latency": 7.419569773475329,
    "latencies": [
        7.438288155943155,
        7.41211018525064,
        7.545190565288067,
        7.521874003112316,
        7.4513074234128,
        7.508471582084894,
        7.3847945760935545,
        7.4447417836636305,
        7.540040658786893,
        7.7653736267238855,
        7.140739871188998,
        7.144706051796675,
        7.231530023738742,
        7.335825990885496,
        7.42855210416019
    ],
    "percentiles": {
        "10": 7.179435640573502,
        "25": 7.360310283489525,
        "50": 7.438288155943155,
        "75": 7.515172792598605,
        "90": 7.543130602687597,
        "99": 7.734547998122871
    }
}